learning_rate,gamma,A2C_n_steps,vf_coef,best_reward
0.001932452496178705,0.9660551722281179,438,0.3286725461262983,500.0
