learning_rate,gamma,A2C_n_steps,vf_coef,best_reward
0.0001977779014640064,0.9417030446009774,251,0.38518085890024634,-200.0
