learning_rate,gamma,A2C_n_steps,vf_coef,best_reward
0.002117352791376143,0.9886280113329307,171,0.4868112683910373,0.9
