learning_rate,gamma,PPO_n_steps,ent_coef,best_reward
0.00010183876996489868,0.9508217138400267,960,0.01551103286721273,500.0
