learning_rate,gamma,PPO_n_steps,ent_coef,best_reward
0.000516188718058164,0.9531922891265922,576,0.00039908985465862836,0.9
