learning_rate,gamma,PPO_n_steps,ent_coef,best_reward
0.004155179072701732,0.9937071064597598,448,0.0038642281991436303,-112.6
